,text,username,tweet_id,timestamp,hashtags,screen_name,retweets,likes,uni_handle,compound,Sentiment,score
0,"Govt Job: National Institute of Technology Karnataka Recruitment 2019 apply for Junior Research Fellow posts 
http://bit.ly/2PHOxXe¬†pic.twitter.com/ZCNRcKXGMr",Engineer Feed,1190895567943024640,2019-11-03 07:36:43,[],theengineerfeed,0,0,,0.0,Neutral,2
1,"Govt Job: National Institute of Technology Karnataka Recruitment 2019 apply for Junior Research Fellow posts 
http://bit.ly/2PHOxXe¬†pic.twitter.com/ZCNRcKXGMr",Engineer Feed,1190895567943024640,2019-11-03 07:36:43,[],theengineerfeed,0,0,,0.0,Neutral,2
2,"Our champ in a hero.. @ National Institute of Technology, Karnataka https://www.instagram.com/p/B6Dv4TBAQFn/?igshid=xi7bh2rssyg7¬†‚Ä¶",Vinoth Srinivasan,1205878423895318528,2019-12-14 15:53:15,[],withluv_vino,0,0,,0.7717,Positive,5
3,"‡Æ§‡ØÄ‡Æ™‡Æô‡Øç‡Æï‡Æ≥‡Øç ‡Æ™‡Øá‡Æö‡ØÅ‡ÆÆ‡Øç.. @ National Institute of Technology, Karnataka https://www.instagram.com/p/B57uSssA1V8/?igshid=yujnza3930tx¬†‚Ä¶",Vinoth Srinivasan,1204749034008637440,2019-12-11 13:05:27,[],withluv_vino,0,0,,0.0,Neutral,2
4,Research Associate (#ME / http://M.Tech¬†.) In National Institute Of Technology Karnataka https://goo.gl/fb/nWXCnZ¬†,Sarkari-Job,1204301833189109760,2019-12-10 07:28:26,['ME'],sarkarijobind,0,0,,0.0,Neutral,2
5,"Our champ in a hero.. @ National Institute of Technology, Karnataka https://www.instagram.com/p/B6Dv4TBAQFn/?igshid=xi7bh2rssyg7¬†‚Ä¶",Vinoth Srinivasan,1205878423895318528,2019-12-14 15:53:15,[],withluv_vino,0,0,,0.7717,Positive,5
6,"‡Æ§‡ØÄ‡Æ™‡Æô‡Øç‡Æï‡Æ≥‡Øç ‡Æ™‡Øá‡Æö‡ØÅ‡ÆÆ‡Øç.. @ National Institute of Technology, Karnataka https://www.instagram.com/p/B57uSssA1V8/?igshid=yujnza3930tx¬†‚Ä¶",Vinoth Srinivasan,1204749034008637440,2019-12-11 13:05:27,[],withluv_vino,0,0,,0.0,Neutral,2
7,Research Associate (#ME / http://M.Tech¬†.) In National Institute Of Technology Karnataka https://goo.gl/fb/nWXCnZ¬†,Sarkari-Job,1204301833189109760,2019-12-10 07:28:26,['ME'],sarkarijobind,0,0,,0.0,Neutral,2
8,"at National Institute of Technology, Karnataka https://www.facebook.com/1apurba1/posts/1138168229703373¬†‚Ä¶",Apurba Mohaptra.,1153715911276335104,2019-07-23 17:18:02,[],ApurbaMohaptra,0,0,,0.0,Neutral,2
9,"#Workshop Department of applied mechanics and hydraulics of National Institute of Technology - Karnataka (NIT-K), Suratkal will host a 3-day workshop on coastal reservoirs as a sustainable strategy for water security on its Srinivasnagar premises from July 22. @surathkal_nitk",Jaideep Shenoy üáÆüá≥,1152790966178201600,2019-07-21 04:02:38,['Workshop'],jaideepSTOI,1,1,,0.34,Positive,4
10,"at National Institute of Technology, Karnataka https://www.facebook.com/1apurba1/posts/1138168229703373¬†‚Ä¶",Apurba Mohaptra.,1153715911276335104,2019-07-23 17:18:02,[],ApurbaMohaptra,0,0,,0.0,Neutral,2
11,"#Workshop Department of applied mechanics and hydraulics of National Institute of Technology - Karnataka (NIT-K), Suratkal will host a 3-day workshop on coastal reservoirs as a sustainable strategy for water security on its Srinivasnagar premises from July 22. @surathkal_nitk",Jaideep Shenoy üáÆüá≥,1152790966178201600,2019-07-21 04:02:38,['Workshop'],jaideepSTOI,1,1,,0.34,Positive,4
12,"Ignore what people say.. #photography #photo #snapseed #sonya6400 #sonya6400club #sony # @ National Institute of Technology, Karnataka https://www.instagram.com/p/B4pmjDQDSNT/?igshid=7d8yavn3s7p2¬†‚Ä¶",Jitender Chaurasia,1193191531596771328,2019-11-09 15:40:04,"['photography', 'photo', 'snapseed', 'sonya6400', 'sonya6400club', 'sony']",jittu_chaurasia,0,0,,-0.3612,Negative,1
13,"Vacancy at National Institute of Technology Karnataka, Surathkal (NITK, Surathkal)

https://www.nitk.ac.in/document/attachments/1217/Advertisement.pdf¬†‚Ä¶

Twitter- https://twitter.com/cmacajob¬†
Instagram- https://instagram.com/ca_jobs_/¬†
Facebook- https://business.facebook.com/cacscmajobs/¬†
#icai #icmai",ca_cs_cma_jobs,1192723759565692928,2019-11-08 08:41:18,"['icai', 'icmai']",cmacajob,0,0,,0.0,Neutral,2
14,"Govt Job: National Institute of Technology Karnataka Recruitment 2019 apply for Junior Research Fellowship posts 
http://bit.ly/34FzyS4¬†pic.twitter.com/2Lv8ZhEGcY",Engineer Feed,1192702707628331008,2019-11-08 07:17:39,[],theengineerfeed,0,0,,0.0,Neutral,2
15,"Ignore what people say.. #photography #photo #snapseed #sonya6400 #sonya6400club #sony # @ National Institute of Technology, Karnataka https://www.instagram.com/p/B4pmjDQDSNT/?igshid=7d8yavn3s7p2¬†‚Ä¶",Jitender Chaurasia,1193191531596771328,2019-11-09 15:40:04,"['photography', 'photo', 'snapseed', 'sonya6400', 'sonya6400club', 'sony']",jittu_chaurasia,0,0,,-0.3612,Negative,1
16,"Vacancy at National Institute of Technology Karnataka, Surathkal (NITK, Surathkal)

https://www.nitk.ac.in/document/attachments/1217/Advertisement.pdf¬†‚Ä¶

Twitter- https://twitter.com/cmacajob¬†
Instagram- https://instagram.com/ca_jobs_/¬†
Facebook- https://business.facebook.com/cacscmajobs/¬†
#icai #icmai",ca_cs_cma_jobs,1192723759565692928,2019-11-08 08:41:18,"['icai', 'icmai']",cmacajob,0,0,,0.0,Neutral,2
17,"Govt Job: National Institute of Technology Karnataka Recruitment 2019 apply for Junior Research Fellowship posts 
http://bit.ly/34FzyS4¬†pic.twitter.com/2Lv8ZhEGcY",Engineer Feed,1192702707628331008,2019-11-08 07:17:39,[],theengineerfeed,0,0,,0.0,Neutral,2
18,"Govt Job: National Institute of Technology Karnataka Recruitment 2019 apply for Junior Research Fellow posts 
https://engineerfeed.com/2019/09/60715/¬†pic.twitter.com/Yb1aEDTqUm",Engineer Feed,1176071177191575552,2019-09-23 09:49:53,[],theengineerfeed,0,0,,0.0,Neutral,2
19,"Govt Job: National Institute of Technology Karnataka Recruitment 2019 apply for Junior Research Assistant posts 
https://engineerfeed.com/2019/09/58029/¬†pic.twitter.com/SytLTRtsOQ",Engineer Feed,1173594348388093952,2019-09-16 13:47:51,[],theengineerfeed,0,0,,0.0,Neutral,2
20,"Just posted a photo @ National Institute of Technology, Karnataka https://www.instagram.com/p/B2df6w-HRCt/?igshid=b4ktu2prqmxz¬†‚Ä¶",Suban01assam,1173473699711934464,2019-09-16 05:48:26,[],suban01assam,0,0,,0.0,Neutral,2
21,"Just posted a photo @ National Institute of Technology, Karnataka https://www.instagram.com/p/B2dfwhKHsBO/?igshid=1j3dbjz06cp8k¬†‚Ä¶",Suban01assam,1173473347247792128,2019-09-16 05:47:02,[],suban01assam,0,0,,0.0,Neutral,2
22,"Govt Job: National Institute of Technology Karnataka Recruitment 2019 apply for Research Intern posts 
https://engineerfeed.com/2019/09/57688/¬†pic.twitter.com/FElggUw3Nn",Engineer Feed,1173259675728412672,2019-09-15 15:37:59,[],theengineerfeed,0,0,,0.0,Neutral,2
23,"The National Bird at National institute of Technology  @ National Institute of Technology, Karnataka https://www.instagram.com/p/B2bTmUoBqHq/?igshid=s1w380f5d10z¬†‚Ä¶",Apurba Mohaptra.,1173165139564142592,2019-09-15 09:22:20,[],ApurbaMohaptra,0,0,,0.0,Neutral,2
24,"Govt Job: National Institute of Technology Karnataka Recruitment 2019 apply for Junior Research Fellow posts 
https://engineerfeed.com/2019/09/60715/¬†pic.twitter.com/Yb1aEDTqUm",Engineer Feed,1176071177191575552,2019-09-23 09:49:53,[],theengineerfeed,0,0,,0.0,Neutral,2
25,"Govt Job: National Institute of Technology Karnataka Recruitment 2019 apply for Junior Research Assistant posts 
https://engineerfeed.com/2019/09/58029/¬†pic.twitter.com/SytLTRtsOQ",Engineer Feed,1173594348388093952,2019-09-16 13:47:51,[],theengineerfeed,0,0,,0.0,Neutral,2
26,"Just posted a photo @ National Institute of Technology, Karnataka https://www.instagram.com/p/B2df6w-HRCt/?igshid=b4ktu2prqmxz¬†‚Ä¶",Suban01assam,1173473699711934464,2019-09-16 05:48:26,[],suban01assam,0,0,,0.0,Neutral,2
27,"Just posted a photo @ National Institute of Technology, Karnataka https://www.instagram.com/p/B2dfwhKHsBO/?igshid=1j3dbjz06cp8k¬†‚Ä¶",Suban01assam,1173473347247792128,2019-09-16 05:47:02,[],suban01assam,0,0,,0.0,Neutral,2
28,"Govt Job: National Institute of Technology Karnataka Recruitment 2019 apply for Research Intern posts 
https://engineerfeed.com/2019/09/57688/¬†pic.twitter.com/FElggUw3Nn",Engineer Feed,1173259675728412672,2019-09-15 15:37:59,[],theengineerfeed,0,0,,0.0,Neutral,2
29,"The National Bird at National institute of Technology  @ National Institute of Technology, Karnataka https://www.instagram.com/p/B2bTmUoBqHq/?igshid=s1w380f5d10z¬†‚Ä¶",Apurba Mohaptra.,1173165139564142592,2019-09-15 09:22:20,[],ApurbaMohaptra,0,0,,0.0,Neutral,2
30,"Govt Job: National Institute of Technology Karnataka Recruitment 2019 apply for Junior Research Fellow posts 
http://bit.ly/2OSZcQq¬†pic.twitter.com/LGBmhpgqe4",Engineer Feed,1159006931303854080,2019-08-07 07:42:40,[],theengineerfeed,0,0,,0.0,Neutral,2
31,"Govt Job: National Institute of Technology Karnataka Recruitment 2019 apply for Junior Assistant, Office Attendant /Lab Attendant, More Vacancies posts 
http://bit.ly/2Kl2cRh¬†pic.twitter.com/4k0dotPktC",Engineer Feed,1158997098194325504,2019-08-07 07:03:35,[],theengineerfeed,0,0,,0.0,Neutral,2
32,"The #Mangaluru -based National Institute of Technology Karnataka (NITK) is setting up a central research facility to meet the research needs of the region, according to K Umamaheshwara Rao, Director of NITK. https://trib.al/c8xf9N6¬†",Business Line,1158616210516389888,2019-08-06 05:50:05,['Mangaluru'],businessline,0,1,,0.0,Neutral,2
33,"ùìíùì∏ùìµùìµùìÆùì∞ùìÆ-ùìòùìùùìïùìû (ùìîùì∑ùì∞ùì≤ùì∑ùìÆùìÆùìªùì≤ùì∑ùì∞)
(Another initiative from Resonance JEE Main Division)

National Institute of Technology (NIT) - Surathkal, Karnataka
#Resonance #Inititaive ##NITs #Surathkal #Karnataka #JEEMainDivision #NIRF #Ranking21 #kotacoachingpic.twitter.com/HuEfYxTpsb",Reso JEE(M) Division,1157511184792186880,2019-08-03 04:39:06,"['Resonance', 'Inititaive', 'NITs', 'Surathkal', 'Karnataka', 'JEEMainDivision', 'NIRF', 'Ranking21', 'kotacoachingpic']",Resonance_JMD,0,0,,0.0,Neutral,2
34,"Govt Job: National Institute of Technology Karnataka Recruitment 2019 apply for Junior Research Fellow posts 
http://bit.ly/2OSZcQq¬†pic.twitter.com/LGBmhpgqe4",Engineer Feed,1159006931303854080,2019-08-07 07:42:40,[],theengineerfeed,0,0,,0.0,Neutral,2
35,"Govt Job: National Institute of Technology Karnataka Recruitment 2019 apply for Junior Assistant, Office Attendant /Lab Attendant, More Vacancies posts 
http://bit.ly/2Kl2cRh¬†pic.twitter.com/4k0dotPktC",Engineer Feed,1158997098194325504,2019-08-07 07:03:35,[],theengineerfeed,0,0,,0.0,Neutral,2
36,"The #Mangaluru -based National Institute of Technology Karnataka (NITK) is setting up a central research facility to meet the research needs of the region, according to K Umamaheshwara Rao, Director of NITK. https://trib.al/c8xf9N6¬†",Business Line,1158616210516389888,2019-08-06 05:50:05,['Mangaluru'],businessline,0,1,,0.0,Neutral,2
37,"ùìíùì∏ùìµùìµùìÆùì∞ùìÆ-ùìòùìùùìïùìû (ùìîùì∑ùì∞ùì≤ùì∑ùìÆùìÆùìªùì≤ùì∑ùì∞)
(Another initiative from Resonance JEE Main Division)

National Institute of Technology (NIT) - Surathkal, Karnataka
#Resonance #Inititaive ##NITs #Surathkal #Karnataka #JEEMainDivision #NIRF #Ranking21 #kotacoachingpic.twitter.com/HuEfYxTpsb",Reso JEE(M) Division,1157511184792186880,2019-08-03 04:39:06,"['Resonance', 'Inititaive', 'NITs', 'Surathkal', 'Karnataka', 'JEEMainDivision', 'NIRF', 'Ranking21', 'kotacoachingpic']",Resonance_JMD,0,0,,0.0,Neutral,2
38,"National Institute of Technology (NIT) Karnataka Recruitment 2019 ‚Äì 137 Vacancies of Junior Assistant, Technician & Various Vacancy (Last Date ‚Äì 17 July¬†2019) https://allgovnaukri.com/2019/07/08/national-institute-of-technology-nit-karnataka-recruitment-2019-137-vacancies-of-junior-assistant-technician-various-vacancy-last-date-17-july-2019/¬†‚Ä¶",AllGovNaukri,1148166289229307904,2019-07-08 09:45:49,[],AllGovNaukri,0,0,,0.0,Neutral,2
39,"Government Jobs | Rozgar

National Institute of Technology Karnataka

Post Name : Library Professional Trainees 
Last Date : 31 Jul 2019
Location : Karnataka
Education : M.Lib, B.Lib 
More Info : http://bit.ly/2Xijpmi¬†
#govtjobs #sarkarinaukripic.twitter.com/dHJFwTUJch",Rozgar.com,1146804610117406720,2019-07-04 15:35:00,"['govtjobs', 'sarkarinaukripic']",rozgar_India,0,0,,0.0,Neutral,2
40,"National Institute of Technology (NIT) Karnataka Recruitment 2019 ‚Äì 137 Vacancies of Junior Assistant, Technician & Various Vacancy (Last Date ‚Äì 17 July¬†2019) https://allgovnaukri.com/2019/07/08/national-institute-of-technology-nit-karnataka-recruitment-2019-137-vacancies-of-junior-assistant-technician-various-vacancy-last-date-17-july-2019/¬†‚Ä¶",AllGovNaukri,1148166289229307904,2019-07-08 09:45:49,[],AllGovNaukri,0,0,,0.0,Neutral,2
41,"Government Jobs | Rozgar

National Institute of Technology Karnataka

Post Name : Library Professional Trainees 
Last Date : 31 Jul 2019
Location : Karnataka
Education : M.Lib, B.Lib 
More Info : http://bit.ly/2Xijpmi¬†
#govtjobs #sarkarinaukripic.twitter.com/dHJFwTUJch",Rozgar.com,1146804610117406720,2019-07-04 15:35:00,"['govtjobs', 'sarkarinaukripic']",rozgar_India,0,0,,0.0,Neutral,2
42,@HRDMinistry sir I'm from Karnataka and I belong to St community. I applied for Mtech in National institute of technology Karnataka surathkal (NITK).on 18th of June nitk administration asking sc/St students to pay tutorial fee all of sudden which was not there initially pic.twitter.com/5rDtmSiPb7,Harsha S R,1141358569557594112,2019-06-19 14:54:23,[],HARSHAsr1,0,0,,-0.1027,Negative,2
43,@DrRPNishank @PMOIndia sir I'm from Karnataka and belong to ST community.I applied for my higher education in NITK surathkal(national institute of technology).The collage administration asking me to pay tutorial fee of 37926 which is exempted in previous years for sc/St students pic.twitter.com/aBGLVPSyDJ,Harsha S R,1141158998147600384,2019-06-19 01:41:21,[],HARSHAsr1,0,0,,-0.1027,Negative,2
44,@HRDMinistry sir I'm from Karnataka and I belong to St community. I applied for Mtech in National institute of technology Karnataka surathkal (NITK).on 18th of June nitk administration asking sc/St students to pay tutorial fee all of sudden which was not there initially pic.twitter.com/5rDtmSiPb7,Harsha S R,1141358569557594112,2019-06-19 14:54:23,[],HARSHAsr1,0,0,,-0.1027,Negative,2
45,@DrRPNishank @PMOIndia sir I'm from Karnataka and belong to ST community.I applied for my higher education in NITK surathkal(national institute of technology).The collage administration asking me to pay tutorial fee of 37926 which is exempted in previous years for sc/St students pic.twitter.com/aBGLVPSyDJ,Harsha S R,1141158998147600384,2019-06-19 01:41:21,[],HARSHAsr1,0,0,,-0.1027,Negative,2
46,"IEEE R10 Asia Pacific Darrel Chong Award. 
@IEEEorg Recognizes and certifies National Institute of Technology, Karnataka with the Darrel Chong Student Activity Award 2019 - Bronze for the activity ‚ÄúEnvision‚Äù 25th October 2019. @IEEE_NITK @HRDMinistry @DrRPNishankpic.twitter.com/SCPhgjgwSr",NITK Surathkal_Official,1198904275948097536,2019-11-25 10:00:28,[],surathkal_nitk,1,1,1.0,0.7906,Positive,5
47,"Potential of Xiera's fuzzy logic controller explained by Dr. Gangadharan from National Institute of Technology Karnataka in India.    

#edex #artificial_intelligence #AIchip #controlsystem #embedded #energysaving
https://youtu.be/N-QacEoV7WQ¬† via @YouTube",Xiera Technologies Inc.,1197346504572362752,2019-11-21 02:50:26,"['edex', 'artificial_intelligence', 'AIchip', 'controlsystem', 'embedded', 'energysaving']",XieraTech,1,2,,0.0,Neutral,2
48,"@TCGEHLOT Sir we students of National Institute of technology Karnataka Surathkal. NSP is providing us scholarship under the scheme of ""TOP CLASS EDUCATION"" it's been one year we still didn't get the scholarship. And we already applied renewal this year with no scholarship ‚Äç",D K SIDDHARTH KUMAR,1196314463952965632,2019-11-18 06:29:29,[],DKSIDDHARTHKUM1,0,0,,0.0857,Positive,3
49,"NIT Notification 2019 ‚Äì Opening for Various Junior Hindi Translator Posts https://ift.tt/37ej71c¬†
National Institute of Technology Karnataka has issued the latest notification for the recruitment of 2019. Applications are invited for the post of Junior Hindi Translator. Other ‚Ä¶",Govt Job Guide,1196294030130319360,2019-11-18 05:08:17,[],GovtJobGuide,0,0,,0.0,Neutral,2
50,"IEEE R10 Asia Pacific Darrel Chong Award. 
@IEEEorg Recognizes and certifies National Institute of Technology, Karnataka with the Darrel Chong Student Activity Award 2019 - Bronze for the activity ‚ÄúEnvision‚Äù 25th October 2019. @IEEE_NITK @HRDMinistry @DrRPNishankpic.twitter.com/SCPhgjgwSr",NITK Surathkal_Official,1198904275948097536,2019-11-25 10:00:28,[],surathkal_nitk,1,1,1.0,0.7906,Positive,5
51,"Potential of Xiera's fuzzy logic controller explained by Dr. Gangadharan from National Institute of Technology Karnataka in India.    

#edex #artificial_intelligence #AIchip #controlsystem #embedded #energysaving
https://youtu.be/N-QacEoV7WQ¬† via @YouTube",Xiera Technologies Inc.,1197346504572362752,2019-11-21 02:50:26,"['edex', 'artificial_intelligence', 'AIchip', 'controlsystem', 'embedded', 'energysaving']",XieraTech,1,2,,0.0,Neutral,2
52,"@TCGEHLOT Sir we students of National Institute of technology Karnataka Surathkal. NSP is providing us scholarship under the scheme of ""TOP CLASS EDUCATION"" it's been one year we still didn't get the scholarship. And we already applied renewal this year with no scholarship ‚Äç",D K SIDDHARTH KUMAR,1196314463952965632,2019-11-18 06:29:29,[],DKSIDDHARTHKUM1,0,0,,0.0857,Positive,3
53,"NIT Notification 2019 ‚Äì Opening for Various Junior Hindi Translator Posts https://ift.tt/37ej71c¬†
National Institute of Technology Karnataka has issued the latest notification for the recruitment of 2019. Applications are invited for the post of Junior Hindi Translator. Other ‚Ä¶",Govt Job Guide,1196294030130319360,2019-11-18 05:08:17,[],GovtJobGuide,0,0,,0.0,Neutral,2
54,"Govt Job: National Institute of Technology Karnataka Recruitment 2019 apply for Junior Research Fellow posts 
http://bit.ly/32MW3nr¬†pic.twitter.com/DHmaotQ2iq",Engineer Feed,1187967334721286144,2019-10-26 05:40:58,[],theengineerfeed,0,0,,0.0,Neutral,2
55,"Govt Job: National Institute of Technology Karnataka Recruitment 2019 apply for Junior Research Assistant posts 
http://bit.ly/2BHkAyt¬†pic.twitter.com/qCh05aYLtq",Engineer Feed,1187767528195407872,2019-10-25 16:27:01,[],theengineerfeed,0,0,,0.0,Neutral,2
56,"Vice President and Rajya Sabha chairman M Venkaiah Naidu will participate in the 17th Convocation and diamond jubilee celebrations at National Institute of Technology Karnataka, Surathkal on November 2.",Vinobha KT,1185187291964137472,2019-10-18 13:34:04,[],KTVinobhaTOI,0,0,,0.34,Positive,4
57,"National Institute of Technology, Karnataka ‚Äì Senior Research Fellow https://goo.gl/fb/pzVGd9¬†",Facultyplus,1184841480281702400,2019-10-17 14:39:56,[],Facultyplus,0,0,,0.0,Neutral,2
58,National Institute of Technology Karnataka ‚Äì Wanted Project Assistant https://goo.gl/fb/fEMZyD¬†,Facultyplus,1184841478998241280,2019-10-17 14:39:56,[],Facultyplus,0,0,,0.0,Neutral,2
59,"National Institute of Technology, Karnataka ‚Äì Wanted JRF https://goo.gl/fb/SXxAtk¬†",Facultyplus,1184836610728308736,2019-10-17 14:20:35,[],Facultyplus,0,0,,0.0,Neutral,2
60,"Govt Job: National Institute of Technology Karnataka Recruitment 2019 apply for Junior Research Fellow posts 
http://bit.ly/32MW3nr¬†pic.twitter.com/DHmaotQ2iq",Engineer Feed,1187967334721286144,2019-10-26 05:40:58,[],theengineerfeed,0,0,,0.0,Neutral,2
61,"Govt Job: National Institute of Technology Karnataka Recruitment 2019 apply for Junior Research Assistant posts 
http://bit.ly/2BHkAyt¬†pic.twitter.com/qCh05aYLtq",Engineer Feed,1187767528195407872,2019-10-25 16:27:01,[],theengineerfeed,0,0,,0.0,Neutral,2
62,"Vice President and Rajya Sabha chairman M Venkaiah Naidu will participate in the 17th Convocation and diamond jubilee celebrations at National Institute of Technology Karnataka, Surathkal on November 2.",Vinobha KT,1185187291964137472,2019-10-18 13:34:04,[],KTVinobhaTOI,0,0,,0.34,Positive,4
63,"National Institute of Technology, Karnataka ‚Äì Senior Research Fellow https://goo.gl/fb/pzVGd9¬†",Facultyplus,1184841480281702400,2019-10-17 14:39:56,[],Facultyplus,0,0,,0.0,Neutral,2
64,National Institute of Technology Karnataka ‚Äì Wanted Project Assistant https://goo.gl/fb/fEMZyD¬†,Facultyplus,1184841478998241280,2019-10-17 14:39:56,[],Facultyplus,0,0,,0.0,Neutral,2
65,"National Institute of Technology, Karnataka ‚Äì Wanted JRF https://goo.gl/fb/SXxAtk¬†",Facultyplus,1184836610728308736,2019-10-17 14:20:35,[],Facultyplus,0,0,,0.0,Neutral,2
66,"Govt Job: National Institute of Technology Karnataka Recruitment 2019 apply for Junior Research Fellow posts 
https://engineerfeed.com/2019/07/38014/¬†pic.twitter.com/1BybihsPU9",Engineer Feed,1155795284271624192,2019-07-29 11:00:44,[],theengineerfeed,0,0,,0.0,Neutral,2
67,"Govt Job: National Institute of Technology Karnataka Recruitment 2019 apply for Helper, Junior Research Fellow, More Vacancies posts 
https://engineerfeed.com/2019/07/37893/¬†pic.twitter.com/rtrkpTiSkk",Engineer Feed,1155715415231758336,2019-07-29 05:43:21,[],theengineerfeed,0,0,,0.34,Positive,4
68,"Govt Job: National Institute of Technology Karnataka Recruitment 2019 apply for Senior Research Fellow posts 
https://engineerfeed.com/2019/07/37887/¬†pic.twitter.com/Z1NqZORJSi",Engineer Feed,1155714085868015616,2019-07-29 05:38:04,[],theengineerfeed,0,0,,0.0,Neutral,2
69,"Govt Job: National Institute of Technology Karnataka Recruitment 2019 apply for Junior Research Fellow posts 
https://engineerfeed.com/2019/07/37829/¬†pic.twitter.com/DghzmGe69Z",Engineer Feed,1155499493153837056,2019-07-28 15:25:21,[],theengineerfeed,0,0,,0.0,Neutral,2
70,"Government Jobs | Rozgar

National Institute Of Technology Karnataka 

Post Name : Helper
Last Date : 14 Aug 2019
Location : Karnataka
Education : 10th
More Info : http://bit.ly/2GoLFt7¬†
#Government #Jobs #opportunitypic.twitter.com/RwJjjsfbCQ",Rozgar.com,1154232806228164608,2019-07-25 03:32:00,"['Government', 'Jobs', 'opportunitypic']",rozgar_India,0,0,,0.34,Positive,4
71,"Chinmay‚Äôs new ‚Äòvidyashram‚Äô , all the best my boy. Orientation program starts ‚Äî at National Institute of Technology, Karnataka https://www.facebook.com/694370072/posts/10157008067995073/¬†‚Ä¶",harish bilgi,1153869808624123904,2019-07-24 03:29:34,[],hrbilgi,0,0,,0.6369,Positive,5
72,"Govt Job: National Institute of Technology Karnataka Recruitment 2019 apply for Junior Research Fellow posts 
https://engineerfeed.com/2019/07/38014/¬†pic.twitter.com/1BybihsPU9",Engineer Feed,1155795284271624192,2019-07-29 11:00:44,[],theengineerfeed,0,0,,0.0,Neutral,2
73,"Govt Job: National Institute of Technology Karnataka Recruitment 2019 apply for Helper, Junior Research Fellow, More Vacancies posts 
https://engineerfeed.com/2019/07/37893/¬†pic.twitter.com/rtrkpTiSkk",Engineer Feed,1155715415231758336,2019-07-29 05:43:21,[],theengineerfeed,0,0,,0.34,Positive,4
74,"Govt Job: National Institute of Technology Karnataka Recruitment 2019 apply for Senior Research Fellow posts 
https://engineerfeed.com/2019/07/37887/¬†pic.twitter.com/Z1NqZORJSi",Engineer Feed,1155714085868015616,2019-07-29 05:38:04,[],theengineerfeed,0,0,,0.0,Neutral,2
75,"Govt Job: National Institute of Technology Karnataka Recruitment 2019 apply for Junior Research Fellow posts 
https://engineerfeed.com/2019/07/37829/¬†pic.twitter.com/DghzmGe69Z",Engineer Feed,1155499493153837056,2019-07-28 15:25:21,[],theengineerfeed,0,0,,0.0,Neutral,2
76,"Government Jobs | Rozgar

National Institute Of Technology Karnataka 

Post Name : Helper
Last Date : 14 Aug 2019
Location : Karnataka
Education : 10th
More Info : http://bit.ly/2GoLFt7¬†
#Government #Jobs #opportunitypic.twitter.com/RwJjjsfbCQ",Rozgar.com,1154232806228164608,2019-07-25 03:32:00,"['Government', 'Jobs', 'opportunitypic']",rozgar_India,0,0,,0.34,Positive,4
77,"Chinmay‚Äôs new ‚Äòvidyashram‚Äô , all the best my boy. Orientation program starts ‚Äî at National Institute of Technology, Karnataka https://www.facebook.com/694370072/posts/10157008067995073/¬†‚Ä¶",harish bilgi,1153869808624123904,2019-07-24 03:29:34,[],hrbilgi,0,0,,0.6369,Positive,5
78,JRF Jobs at National Institute of Technology Karnataka https://goo.gl/fb/owmwXs¬†,Facultyplus,1184039284019466240,2019-10-15 09:32:18,[],Facultyplus,0,0,,0.0,Neutral,2
79,"Nature is a beast !  @ National Institute of Technology, Karnataka https://www.instagram.com/p/B3Zfoc8gWYP/?igshid=72sqecabythn¬†‚Ä¶",Vinoth Srinivasan,1181917345763254272,2019-10-09 13:00:28,[],withluv_vino,0,2,,0.0,Neutral,2
80,"Spot the beauty ! @ National Institute of Technology, Karnataka https://www.instagram.com/p/B3R4dBxA5Js/?igshid=1st2ao90e4wes¬†‚Ä¶",Vinoth Srinivasan,1180846006788923392,2019-10-06 14:03:21,[],withluv_vino,0,0,,0.6239,Positive,5
81,"Govt Job: National Institute of Technology Karnataka Recruitment 2019 apply for Junior Research Fellow posts 
http://bit.ly/31R6VAo¬†pic.twitter.com/SgBlqjTIq4",Engineer Feed,1180749263799611392,2019-10-06 07:38:56,[],theengineerfeed,0,0,,0.0,Neutral,2
82,JRF Jobs at National Institute of Technology Karnataka https://goo.gl/fb/owmwXs¬†,Facultyplus,1184039284019466240,2019-10-15 09:32:18,[],Facultyplus,0,0,,0.0,Neutral,2
83,"Nature is a beast !  @ National Institute of Technology, Karnataka https://www.instagram.com/p/B3Zfoc8gWYP/?igshid=72sqecabythn¬†‚Ä¶",Vinoth Srinivasan,1181917345763254272,2019-10-09 13:00:28,[],withluv_vino,0,2,,0.0,Neutral,2
84,"Spot the beauty ! @ National Institute of Technology, Karnataka https://www.instagram.com/p/B3R4dBxA5Js/?igshid=1st2ao90e4wes¬†‚Ä¶",Vinoth Srinivasan,1180846006788923392,2019-10-06 14:03:21,[],withluv_vino,0,0,,0.6239,Positive,5
85,"Govt Job: National Institute of Technology Karnataka Recruitment 2019 apply for Junior Research Fellow posts 
http://bit.ly/31R6VAo¬†pic.twitter.com/SgBlqjTIq4",Engineer Feed,1180749263799611392,2019-10-06 07:38:56,[],theengineerfeed,0,0,,0.0,Neutral,2
86,"Just posted a photo @ National Institute of Technology, Karnataka https://www.instagram.com/p/B2WjdLNnWom/?igshid=xku83xlnsjfr¬†‚Ä¶",Suban01assam,1172496318947684352,2019-09-13 13:04:41,[],suban01assam,0,0,,0.0,Neutral,2
87,"[White Paper] See how #MigrationWiz can make your next @Office365 and @MicrosoftTeams #TenantToTenant migration easy, fast, and secure.",BitTitan,1238176723339902976,2020-03-12 18:55:09,"['MigrationWiz', 'TenantToTenant']",BitTitan,677,6614,,0.6486,Positive,5
88,"Govt Job: National Institute of Technology Karnataka Recruitment 2019 apply for Junior Research Fellow posts 
https://engineerfeed.com/2019/09/56704/¬†pic.twitter.com/dhxSzk488e",Engineer Feed,1172368509336076288,2019-09-13 04:36:48,[],theengineerfeed,0,0,,0.0,Neutral,2
89,"Govt Job: National Institute of Technology Karnataka Recruitment 2019 apply for Junior Research Fellow posts 
https://engineerfeed.com/2019/09/56393/¬†pic.twitter.com/jcISaJt3oM",Engineer Feed,1172054565165731840,2019-09-12 07:49:18,[],theengineerfeed,0,0,,0.0,Neutral,2
90,"Just posted a video @ National Institute of Technology, Karnataka https://www.instagram.com/p/B2J-pMpnzID/?igshid=krnq46i0ajsw¬†‚Ä¶",Suban01assam,1170727368866062336,2019-09-08 15:55:30,[],suban01assam,0,0,,0.0,Neutral,2
91,"Govt Job: National Institute of Technology Karnataka Recruitment 2019 apply for Junior Research Fellow posts 
http://bit.ly/2PPB3ul¬†pic.twitter.com/cKxcDi1X4i",Engineer Feed,1169612317840961536,2019-09-05 14:04:41,[],theengineerfeed,0,0,,0.0,Neutral,2
92,"Govt Job: National Institute of Technology Karnataka Recruitment 2019 apply for Long Term Research Intern posts 
http://bit.ly/34yyDDQ¬†pic.twitter.com/8kRGTQO2ck",Engineer Feed,1169479549664366592,2019-09-05 05:17:07,[],theengineerfeed,0,0,,0.0,Neutral,2
93,"Govt Job: National Institute of Technology Karnataka Recruitment 2019 apply for Junior Research Assistant posts 
http://bit.ly/34ktU8x¬†pic.twitter.com/DNLHj7vb6W",Engineer Feed,1169162352828092416,2019-09-04 08:16:41,[],theengineerfeed,0,0,,0.0,Neutral,2
94,"Just posted a photo @ National Institute of Technology, Karnataka https://www.instagram.com/p/B2WjdLNnWom/?igshid=xku83xlnsjfr¬†‚Ä¶",Suban01assam,1172496318947684352,2019-09-13 13:04:41,[],suban01assam,0,0,,0.0,Neutral,2
95,"[White Paper] See how #MigrationWiz can make your next @Office365 and @MicrosoftTeams #TenantToTenant migration easy, fast, and secure.",BitTitan,1238176723339902976,2020-03-12 18:55:09,"['MigrationWiz', 'TenantToTenant']",BitTitan,677,6614,,0.6486,Positive,5
96,"Govt Job: National Institute of Technology Karnataka Recruitment 2019 apply for Junior Research Fellow posts 
https://engineerfeed.com/2019/09/56704/¬†pic.twitter.com/dhxSzk488e",Engineer Feed,1172368509336076288,2019-09-13 04:36:48,[],theengineerfeed,0,0,,0.0,Neutral,2
97,"Govt Job: National Institute of Technology Karnataka Recruitment 2019 apply for Junior Research Fellow posts 
https://engineerfeed.com/2019/09/56393/¬†pic.twitter.com/jcISaJt3oM",Engineer Feed,1172054565165731840,2019-09-12 07:49:18,[],theengineerfeed,0,0,,0.0,Neutral,2
98,"Just posted a video @ National Institute of Technology, Karnataka https://www.instagram.com/p/B2J-pMpnzID/?igshid=krnq46i0ajsw¬†‚Ä¶",Suban01assam,1170727368866062336,2019-09-08 15:55:30,[],suban01assam,0,0,,0.0,Neutral,2
99,"Govt Job: National Institute of Technology Karnataka Recruitment 2019 apply for Junior Research Fellow posts 
http://bit.ly/2PPB3ul¬†pic.twitter.com/cKxcDi1X4i",Engineer Feed,1169612317840961536,2019-09-05 14:04:41,[],theengineerfeed,0,0,,0.0,Neutral,2
100,"Govt Job: National Institute of Technology Karnataka Recruitment 2019 apply for Long Term Research Intern posts 
http://bit.ly/34yyDDQ¬†pic.twitter.com/8kRGTQO2ck",Engineer Feed,1169479549664366592,2019-09-05 05:17:07,[],theengineerfeed,0,0,,0.0,Neutral,2
101,"Govt Job: National Institute of Technology Karnataka Recruitment 2019 apply for Junior Research Assistant posts 
http://bit.ly/34ktU8x¬†pic.twitter.com/DNLHj7vb6W",Engineer Feed,1169162352828092416,2019-09-04 08:16:41,[],theengineerfeed,0,0,,0.0,Neutral,2
102,"Govt Job: National Institute of Technology Karnataka is hiring Engineers in Mangalore, apply now 
http://bit.ly/2PE1rHo¬†pic.twitter.com/5Cz41XYCkL",Engineer Feed,1168895750782279680,2019-09-03 14:37:18,[],theengineerfeed,0,0,,0.0,Neutral,2
103,Love Risotto? Give our Spinach & Mushroom Risotto recipe a try - https://www.youtube.com/watch?v=atrrMLzYFHg¬†‚Ä¶ You'll be happy you did! #cheeserecipe #risottorecipe #easyrecipe #cookingathome #lockdowncooking #recipes,Milky Mist Dairy,1286285795930730496,2020-07-23 13:03:26,"['cheeserecipe', 'risottorecipe', 'easyrecipe', 'cookingathome', 'lockdowncooking', 'recipes']",MilkyMistIndia,0,2,,0.8608,Positive,5
104,"Govt Job: National Institute of Technology Karnataka Recruitment 2019 apply for Research Intern posts 
http://bit.ly/34gea6F¬†pic.twitter.com/GxlJSASwpF",Engineer Feed,1168834908107628544,2019-09-03 10:35:32,[],theengineerfeed,0,0,,0.0,Neutral,2
105,"Around 500 attendees, including research scholars, students, govt officials & CPCB visited our booth at National Symposium on Environmental Pollution Prevention & Control organized by Dept. of Chemical Engineering at National Institute of Technology Karnataka. #WeCreateChemistrypic.twitter.com/1jeQ6g33R6",BASF,1168796252407881728,2019-09-03 08:01:56,['WeCreateChemistrypic'],BASF,3,9,,0.0,Neutral,2
106,"Work is worship.
(National Institute of Technology Karnataka, India)",Study Know Act,1168133458171977728,2019-09-01 12:08:13,[],studyknowact,0,0,,0.296,Positive,4
107,"Govt Job: National Institute of Technology Karnataka Recruitment 2019 apply for Junior Research Fellow posts 
http://bit.ly/2PCr8YU¬†pic.twitter.com/DT1XFtdN7I",Engineer Feed,1168131646932934656,2019-09-01 12:01:02,[],theengineerfeed,0,0,,0.0,Neutral,2
108,"Govt Job: National Institute of Technology Karnataka Recruitment 2019 apply for Junior Research Fellow posts 
https://engineerfeed.com/2019/08/51264/¬†pic.twitter.com/US3dWAHdHF",Engineer Feed,1167703067556364288,2019-08-31 07:38:00,[],theengineerfeed,0,0,,0.0,Neutral,2
109,"Govt Job: National Institute of Technology Karnataka Recruitment 2019 apply for Junior Research Fellow posts 
https://engineerfeed.com/2019/08/49496/¬†pic.twitter.com/XIDTnHI1bv",Engineer Feed,1165979709684895744,2019-08-26 13:30:00,[],theengineerfeed,0,0,,0.0,Neutral,2
110,"National Institute of Technology Karnataka, Surathkal Wanted Research Associate https://goo.gl/fb/n8jxZw¬†",Facultyplus,1165909802834366464,2019-08-26 08:52:13,[],Facultyplus,0,0,,0.0,Neutral,2
111,"Govt Job: National Institute of Technology Karnataka is hiring Engineers in Mangalore, apply now 
http://bit.ly/2PE1rHo¬†pic.twitter.com/5Cz41XYCkL",Engineer Feed,1168895750782279680,2019-09-03 14:37:18,[],theengineerfeed,0,0,,0.0,Neutral,2
112,"[White Paper] See how #MigrationWiz can make your next @Office365 and @MicrosoftTeams #TenantToTenant migration easy, fast, and secure.",BitTitan,1238176723339902976,2020-03-12 18:55:09,"['MigrationWiz', 'TenantToTenant']",BitTitan,677,6614,,0.6486,Positive,5
113,"Govt Job: National Institute of Technology Karnataka Recruitment 2019 apply for Research Intern posts 
http://bit.ly/34gea6F¬†pic.twitter.com/GxlJSASwpF",Engineer Feed,1168834908107628544,2019-09-03 10:35:32,[],theengineerfeed,0,0,,0.0,Neutral,2
114,"Around 500 attendees, including research scholars, students, govt officials & CPCB visited our booth at National Symposium on Environmental Pollution Prevention & Control organized by Dept. of Chemical Engineering at National Institute of Technology Karnataka. #WeCreateChemistrypic.twitter.com/1jeQ6g33R6",BASF,1168796252407881728,2019-09-03 08:01:56,['WeCreateChemistrypic'],BASF,3,9,,0.0,Neutral,2
115,"Work is worship.
(National Institute of Technology Karnataka, India)",Study Know Act,1168133458171977728,2019-09-01 12:08:13,[],studyknowact,0,0,,0.296,Positive,4
116,"Govt Job: National Institute of Technology Karnataka Recruitment 2019 apply for Junior Research Fellow posts 
http://bit.ly/2PCr8YU¬†pic.twitter.com/DT1XFtdN7I",Engineer Feed,1168131646932934656,2019-09-01 12:01:02,[],theengineerfeed,0,0,,0.0,Neutral,2
117,"Govt Job: National Institute of Technology Karnataka Recruitment 2019 apply for Junior Research Fellow posts 
https://engineerfeed.com/2019/08/51264/¬†pic.twitter.com/US3dWAHdHF",Engineer Feed,1167703067556364288,2019-08-31 07:38:00,[],theengineerfeed,0,0,,0.0,Neutral,2
118,"Govt Job: National Institute of Technology Karnataka Recruitment 2019 apply for Junior Research Fellow posts 
https://engineerfeed.com/2019/08/49496/¬†pic.twitter.com/XIDTnHI1bv",Engineer Feed,1165979709684895744,2019-08-26 13:30:00,[],theengineerfeed,0,0,,0.0,Neutral,2
119,"National Institute of Technology Karnataka, Surathkal Wanted Research Associate https://goo.gl/fb/n8jxZw¬†",Facultyplus,1165909802834366464,2019-08-26 08:52:13,[],Facultyplus,0,0,,0.0,Neutral,2
120,"#Mangaluru: A whale shark was washed ashore near National Institute of Technology, Karnataka (NIT), early morning today. The carcass was picked up by the Marine Research department. #Karnataka

(: ANI) pic.twitter.com/ijJEIxJgsY",DailyaddaaNews,1145031339638308864,2019-06-29 18:08:39,"['Mangaluru', 'Karnataka']",Dailyaddaa,0,0,,0.4939,Positive,4
121,"WATCH   - #CambrianSV, Lisbon - CoinGeek Originals 

Filmmaker @chblm documented the #Bitcoin #Bootcamp which was attended by 30 #developers and #entrepreneurs. Filmed in early February 2020.http://orlo.uk/yr913¬†",CoinGeek,1254710646098341888,2020-04-27 09:55:04,"['CambrianSV', 'Bitcoin', 'Bootcamp', 'developers', 'entrepreneurs']",RealCoinGeek,247,2571,,0.0,Neutral,2
122,"Mangaluru: A whale shark was washed ashore near National Institute of Technology, Karnataka (NIT), early morning today. The carcass was picked up by the Marine Research department. 
#Karnataka #TV9Newspic.twitter.com/plpIj1H83L",tv9gujarati,1145030390454738944,2019-06-29 18:04:53,"['Karnataka', 'TV9Newspic']",tv9gujarati,0,5,,0.0,Neutral,2
123,"Mangaluru: A whale shark was washed ashore near National Institute of Technology, Karnataka (NIT), early morning today. The carcass was picked up by the Marine Research department. #Karnataka pic.twitter.com/tqvec23UJs",ANI,1145029340540952576,2019-06-29 18:00:43,['Karnataka'],ANI,134,550,,0.0,Neutral,2
124,National Institute of Technology (NIT) Karnataka Recruitment for Library Professional‚Ä¶ https://goo.gl/fb/RfrGw3¬†,LISLINKS,1144975365623955456,2019-06-29 14:26:14,[],LISLINKS,0,0,,0.0,Neutral,2
125,"National Institute of Technology Surathkal (NITK) - About, Courses, Cutoff, Fees, Seats, Ranking & Connectivity!

#NITSurathkal #engineering #NIT #technology #NITK #surathkal #karnataka #education #institute #college #collegehumara
https://collegehumara.com/list-of-colleges/list-of-nits/nit-surathkal¬†‚Ä¶",CollegeHumara,1144493854030098432,2019-06-28 06:32:53,"['NITSurathkal', 'engineering', 'NIT', 'technology', 'NITK', 'surathkal', 'karnataka', 'education', 'institute', 'college', 'collegehumara']",collegehumara,0,0,,0.0,Neutral,2
126,National Institute of Technology Karnataka Recruitment for the post of Trainee : Last Date 31st July 2019. http://dlvr.it/R7QLFT¬†,LIS NEWS,1144446088000110592,2019-06-28 03:23:04,[],LIScNews,0,0,,0.0,Neutral,2
127,National Institute of Technology (NIT) Karnataka non teaching Staff¬†Recruitment http://skiwolfmedia.net/national-institute-of-technology-nit-karnataka-non-teaching-staff-recruitment/¬†‚Ä¶pic.twitter.com/uO6GK1qdRq,Skiwolfmedia.net,1144007720539971584,2019-06-26 22:21:09,[],TANIVASHRAF,0,0,,0.0,Neutral,2
128,"NIT Jobs 2019 ‚Äì 137 Junior Assistant, Technician & Various Posts http://bit.ly/2Jah9Uu¬†

NIT Recruitment 2019 for 137 Junior Assistant, Technician & Various Posts: National Institute of Technology, Karnataka has issued an official notification for the recruitment of Junior Ass‚Ä¶",Govt Job Guide,1143236019384410112,2019-06-24 19:14:41,[],GovtJobGuide,0,0,,0.0,Neutral,2
129,"#Mangaluru: A whale shark was washed ashore near National Institute of Technology, Karnataka (NIT), early morning today. The carcass was picked up by the Marine Research department. #Karnataka

(: ANI) pic.twitter.com/ijJEIxJgsY",DailyaddaaNews,1145031339638308864,2019-06-29 18:08:39,"['Mangaluru', 'Karnataka']",Dailyaddaa,0,0,,0.4939,Positive,4
130,"[White Paper] See how #MigrationWiz can make your next @Office365 and @MicrosoftTeams #TenantToTenant migration easy, fast, and secure.",BitTitan,1238176723339902976,2020-03-12 18:55:09,"['MigrationWiz', 'TenantToTenant']",BitTitan,677,6614,,0.6486,Positive,5
131,"Mangaluru: A whale shark was washed ashore near National Institute of Technology, Karnataka (NIT), early morning today. The carcass was picked up by the Marine Research department. 
#Karnataka #TV9Newspic.twitter.com/plpIj1H83L",tv9gujarati,1145030390454738944,2019-06-29 18:04:53,"['Karnataka', 'TV9Newspic']",tv9gujarati,0,5,,0.0,Neutral,2
132,"Mangaluru: A whale shark was washed ashore near National Institute of Technology, Karnataka (NIT), early morning today. The carcass was picked up by the Marine Research department. #Karnataka pic.twitter.com/tqvec23UJs",ANI,1145029340540952576,2019-06-29 18:00:43,['Karnataka'],ANI,134,550,,0.0,Neutral,2
133,National Institute of Technology (NIT) Karnataka Recruitment for Library Professional‚Ä¶ https://goo.gl/fb/RfrGw3¬†,LISLINKS,1144975365623955456,2019-06-29 14:26:14,[],LISLINKS,0,0,,0.0,Neutral,2
134,"National Institute of Technology Surathkal (NITK) - About, Courses, Cutoff, Fees, Seats, Ranking & Connectivity!

#NITSurathkal #engineering #NIT #technology #NITK #surathkal #karnataka #education #institute #college #collegehumara
https://collegehumara.com/list-of-colleges/list-of-nits/nit-surathkal¬†‚Ä¶",CollegeHumara,1144493854030098432,2019-06-28 06:32:53,"['NITSurathkal', 'engineering', 'NIT', 'technology', 'NITK', 'surathkal', 'karnataka', 'education', 'institute', 'college', 'collegehumara']",collegehumara,0,0,,0.0,Neutral,2
135,National Institute of Technology Karnataka Recruitment for the post of Trainee : Last Date 31st July 2019. http://dlvr.it/R7QLFT¬†,LIS NEWS,1144446088000110592,2019-06-28 03:23:04,[],LIScNews,0,0,,0.0,Neutral,2
136,National Institute of Technology (NIT) Karnataka non teaching Staff¬†Recruitment http://skiwolfmedia.net/national-institute-of-technology-nit-karnataka-non-teaching-staff-recruitment/¬†‚Ä¶pic.twitter.com/uO6GK1qdRq,Skiwolfmedia.net,1144007720539971584,2019-06-26 22:21:09,[],TANIVASHRAF,0,0,,0.0,Neutral,2
137,"NIT Jobs 2019 ‚Äì 137 Junior Assistant, Technician & Various Posts http://bit.ly/2Jah9Uu¬†

NIT Recruitment 2019 for 137 Junior Assistant, Technician & Various Posts: National Institute of Technology, Karnataka has issued an official notification for the recruitment of Junior Ass‚Ä¶",Govt Job Guide,1143236019384410112,2019-06-24 19:14:41,[],GovtJobGuide,0,0,,0.0,Neutral,2
138,"Hello sports Buddies,

Here's an update......
the fresher's cup is going to starts on Oct ..

Save the Date...
#eyes_on_the_rise
#Freshers_cup @ National Institute of Technology, Karnataka https://www.instagram.com/p/B3KZZN2FN1P/?igshid=5drhvf7vevw9¬†‚Ä¶",NITK Phoenix Offical,1179856371413438464,2019-10-03 20:30:54,"['eyes_on_the_rise', 'Freshers_cup']",NitkPhoenix,0,1,,0.4939,Positive,4
139,"Govt Job: National Institute of Technology Karnataka Recruitment 2019 apply for Junior Research Fellow posts 
http://bit.ly/2og6qAI¬†pic.twitter.com/Jq6N7X6QGt",Engineer Feed,1179029345496514560,2019-10-01 13:44:35,[],theengineerfeed,0,0,,0.0,Neutral,2
140,"Govt Job: National Institute of Technology Karnataka Recruitment 2019 apply for Junior Research Fellow posts 
https://engineerfeed.com/2019/09/62971/¬†pic.twitter.com/ZQvQQZjR4m",Engineer Feed,1177975698364829696,2019-09-28 15:57:46,[],theengineerfeed,0,0,,0.0,Neutral,2
141,"Government Jobs | Rozgar
National Institute Of Technology

Post Name: Junior Research Fellow
Last Date: 21 Oct 2019
Location: Karnataka
Education: http://M.E-M.Tech¬†
More Info: http://bit.ly/2lwBpYo¬†
#JobVacancy #Careers #governments #jobfairypic.twitter.com/vFeMlQIszp",Rozgar.com,1177561022418292736,2019-09-27 12:30:00,"['JobVacancy', 'Careers', 'governments', 'jobfairypic']",rozgar_India,0,0,,0.0,Neutral,2
142,"Hello sports Buddies,

Here's an update......
the fresher's cup is going to starts on Oct ..

Save the Date...
#eyes_on_the_rise
#Freshers_cup @ National Institute of Technology, Karnataka https://www.instagram.com/p/B3KZZN2FN1P/?igshid=5drhvf7vevw9¬†‚Ä¶",NITK Phoenix Offical,1179856371413438464,2019-10-03 20:30:54,"['eyes_on_the_rise', 'Freshers_cup']",NitkPhoenix,0,1,,0.4939,Positive,4
143,"Govt Job: National Institute of Technology Karnataka Recruitment 2019 apply for Junior Research Fellow posts 
http://bit.ly/2og6qAI¬†pic.twitter.com/Jq6N7X6QGt",Engineer Feed,1179029345496514560,2019-10-01 13:44:35,[],theengineerfeed,0,0,,0.0,Neutral,2
144,"Govt Job: National Institute of Technology Karnataka Recruitment 2019 apply for Junior Research Fellow posts 
https://engineerfeed.com/2019/09/62971/¬†pic.twitter.com/ZQvQQZjR4m",Engineer Feed,1177975698364829696,2019-09-28 15:57:46,[],theengineerfeed,0,0,,0.0,Neutral,2
145,"Government Jobs | Rozgar
National Institute Of Technology

Post Name: Junior Research Fellow
Last Date: 21 Oct 2019
Location: Karnataka
Education: http://M.E-M.Tech¬†
More Info: http://bit.ly/2lwBpYo¬†
#JobVacancy #Careers #governments #jobfairypic.twitter.com/vFeMlQIszp",Rozgar.com,1177561022418292736,2019-09-27 12:30:00,"['JobVacancy', 'Careers', 'governments', 'jobfairypic']",rozgar_India,0,0,,0.0,Neutral,2
146,"Temporally Extended Actions For Reinforcement Learning Based Schedulers
Prakhar Ojha, Siddhartha R Thota, Vani M and Mohit P Tahilianni, National Institute of Technology Karnataka, India
http://aircconline.com/ijscai/V4N4/4415ijscai01.pdf¬†‚Ä¶pic.twitter.com/CgbSQpHV00",IJSCAI journal,1230033647467716608,2020-02-19 07:37:29,[],AlessioAdriano,0,0,,0.0,Neutral,2
147,"Temporally Extended Actions For Reinforcement Learning Based Schedulers
Prakhar Ojha, Siddhartha R Thota, Vani M and Mohit P Tahilianni, National Institute of Technology Karnataka, India
http://aircconline.com/ijscai/V4N4/4415ijscai01.pdf¬†‚Ä¶pic.twitter.com/CgbSQpHV00",IJSCAI journal,1230033647467716608,2020-02-19 07:37:29,[],AlessioAdriano,0,0,,0.0,Neutral,2
148,"#standwithAnand 1. ME Degree from Visvesvaraya National institute of technology.
2. MBA from IIM Ahmed.
3. Honorary Doctorate From Karnataka State open University
4. PHD in cybernetic Modelling
5. Executive at Bharat petroleum
6. Managing director of petronet India LTD.",A. L. Meena,1246796438949879808,2020-04-05 13:46:50,['standwithAnand'],ALMeena9,2,1,,0.34,Positive,4
149,"#standwithAnand 1. ME Degree from Visvesvaraya National institute of technology.
2. MBA from IIM Ahmed.
3. Honorary Doctorate From Karnataka State open University
4. PHD in cybernetic Modelling
5. Executive at Bharat petroleum
6. Managing director of petronet India LTD.",Sheikh Zahirul Aslam,1246795336560955392,2020-04-05 13:42:27,['standwithAnand'],AslamZahirul,50,105,,0.34,Positive,4
150,"#standwithAnand 1. ME Degree from Visvesvaraya National institute of technology.
2. MBA from IIM Ahmed.
3. Honorary Doctorate From Karnataka State open University
4. PHD in cybernetic Modelling
5. Executive at Bharat petroleum
6. Managing director of petronet India LTD.",A. L. Meena,1246796438949879808,2020-04-05 13:46:50,['standwithAnand'],ALMeena9,2,1,,0.34,Positive,4
151,"#standwithAnand 1. ME Degree from Visvesvaraya National institute of technology.
2. MBA from IIM Ahmed.
3. Honorary Doctorate From Karnataka State open University
4. PHD in cybernetic Modelling
5. Executive at Bharat petroleum
6. Managing director of petronet India LTD.",Sheikh Zahirul Aslam,1246795336560955392,2020-04-05 13:42:27,['standwithAnand'],AslamZahirul,50,105,,0.34,Positive,4
152,"To carry out advanced joint R&D activities in the area of space technology applications, ISRO has set up a Regional Academic Centre for Space (RAC-S) at National Institute of Technology Karnataka (NITK). https://www.thehindubusinessline.com/news/science/isro-inks-pact-with-nitk-to-set-up-regional-academic-centre-for-space/article30469403.ece?utm_source=dlvr.it&utm_medium=twitter¬†‚Ä¶",SpacePark,1215931865812455424,2020-01-11 09:42:02,[],sp_kerala,0,0,,0.25,Positive,3
153,"To carry out advanced joint R&D activities in the area of space technology applications, ISRO has set up a Regional Academic Centre for Space (RAC-S) at National Institute of Technology Karnataka (NITK). https://www.thehindubusinessline.com/news/science/isro-inks-pact-with-nitk-to-set-up-regional-academic-centre-for-space/article30469403.ece?utm_source=dlvr.it&utm_medium=twitter¬†‚Ä¶",SpacePark,1215931865812455424,2020-01-11 09:42:02,[],sp_kerala,0,0,,0.25,Positive,3
154,"National Institute of Technology Karnataka, Surathkal‚Äôs Incident ‚Äò20 cancelled my empowerment talk and creative writing workshop scheduled for today due to irreconcilable differences stemming from their hubris, negligence, pettiness, recklessness, and stinginess. #NITK #Surathkalpic.twitter.com/i5a5xhzfd8",Nemat Sadat,1234112241449848832,2020-03-01 13:44:21,"['NITK', 'Surathkalpic']",nematsadat,0,3,,0.2263,Positive,3
155,"National Institute of Technology Karnataka, Surathkal‚Äôs Incident ‚Äò20 cancelled my empowerment talk and creative writing workshop scheduled for today due to irreconcilable differences stemming from their hubris, negligence, pettiness, recklessness, and stinginess. #NITK #Surathkalpic.twitter.com/i5a5xhzfd8",Nemat Sadat,1234112241449848832,2020-03-01 13:44:21,"['NITK', 'Surathkalpic']",nematsadat,0,3,,0.2263,Positive,3
156,"On a blissful full moon Eve.. @ National Institute of Technology, Karnataka https://www.instagram.com/p/B8TtWOdAbZA/?igshid=j9cnw6h2qdfi¬†‚Ä¶",Vinoth Srinivasan,1226139055731216384,2020-02-08 13:41:46,[],withluv_vino,0,0,,0.5994,Positive,5
157,"Time being .. @ National Institute of Technology, Karnataka https://www.instagram.com/p/B8TZXmXABDn/?igshid=hvs52xcm7cow¬†‚Ä¶",Vinoth Srinivasan,1226095128919642112,2020-02-08 10:47:13,[],withluv_vino,0,0,,0.0,Neutral,2
158,"On a blissful full moon Eve.. @ National Institute of Technology, Karnataka https://www.instagram.com/p/B8TtWOdAbZA/?igshid=j9cnw6h2qdfi¬†‚Ä¶",Vinoth Srinivasan,1226139055731216384,2020-02-08 13:41:46,[],withluv_vino,0,0,,0.5994,Positive,5
159,"Time being .. @ National Institute of Technology, Karnataka https://www.instagram.com/p/B8TZXmXABDn/?igshid=hvs52xcm7cow¬†‚Ä¶",Vinoth Srinivasan,1226095128919642112,2020-02-08 10:47:13,[],withluv_vino,0,0,,0.0,Neutral,2
160,"Dr Santhosh T.C.M. did his http://M.Sc¬†. in Physics from Davangere University and PhD from National Institute of Technology Karnataka, Surathkal (NITK).  

He worked as a faculty member at Davangere University. He has 7 years of teaching and research experience. pic.twitter.com/2ahhvCCY5U",NGI Education,1265659481343451136,2020-05-27 15:01:49,[],ngi_education,0,0,,0.0,Neutral,2
161,"Dr Santhosh T.C.M. did his http://M.Sc¬†. in Physics from Davangere University and PhD from National Institute of Technology Karnataka, Surathkal (NITK).  

He worked as a faculty member at Davangere University. He has 7 years of teaching and research experience. pic.twitter.com/vyM8HRBfbD",ncmschickaballapur,1265659237419507712,2020-05-27 15:00:51,[],ncmscbpur,0,0,,0.0,Neutral,2
162,"Dr Santhosh T.C.M. did his http://M.Sc¬†. in Physics from Davangere University and PhD from National Institute of Technology Karnataka, Surathkal (NITK).  

He worked as a faculty member at Davangere University. He has 7 years of teaching and research experience. pic.twitter.com/2ahhvCCY5U",NGI Education,1265659481343451136,2020-05-27 15:01:49,[],ngi_education,0,0,,0.0,Neutral,2
163,"Dr Santhosh T.C.M. did his http://M.Sc¬†. in Physics from Davangere University and PhD from National Institute of Technology Karnataka, Surathkal (NITK).  

He worked as a faculty member at Davangere University. He has 7 years of teaching and research experience. pic.twitter.com/vyM8HRBfbD",ncmschickaballapur,1265659237419507712,2020-05-27 15:00:51,[],ncmscbpur,0,0,,0.0,Neutral,2
164,"National Institute of Technology, Karnataka professor raises funds for Covid-19 through webinars - Bangalore Mirror http://dlvr.it/RW9428¬†pic.twitter.com/Z0F61THKM4",Parsec Systems,1258271731271135232,2020-05-07 05:45:32,[],Parsec_Systems,0,0,,0.0,Neutral,2
165,"National Institute of Technology, Karnataka professor raises funds for Covid-19 through webinars (via: http://bangaloremirror.indiatimes.com/bangalore/others/national-institute-of-technology-karnataka-professor-raises-funds-for-covid-19-through-webinars/articleshow/75586858.cms¬†‚Ä¶)https://newsaroundme.com/story/28DFAB74D8F7C5BC¬†‚Ä¶",Bangalore news,1258263791281864704,2020-05-07 05:13:59,[],newsFromBlr,0,0,,0.0,Neutral,2
166,"National Institute of Technology, Karnataka professor raises funds for Covid-19 through webinars - Bangalore Mirror http://dlvr.it/RW9428¬†pic.twitter.com/Z0F61THKM4",Parsec Systems,1258271731271135232,2020-05-07 05:45:32,[],Parsec_Systems,0,0,,0.0,Neutral,2
167,"National Institute of Technology, Karnataka professor raises funds for Covid-19 through webinars (via: http://bangaloremirror.indiatimes.com/bangalore/others/national-institute-of-technology-karnataka-professor-raises-funds-for-covid-19-through-webinars/articleshow/75586858.cms¬†‚Ä¶)https://newsaroundme.com/story/28DFAB74D8F7C5BC¬†‚Ä¶",Bangalore news,1258263791281864704,2020-05-07 05:13:59,[],newsFromBlr,0,0,,0.0,Neutral,2
168,"National institute of technology Karnataka- SURATHKAL 
Clicked by me https://twitter.com/AndColorPockeT/status/1233753934772260864¬†‚Ä¶pic.twitter.com/QQOMqxO4r8",Sachin ‡•ê,1233757861731348480,2020-02-29 14:16:11,[],Sachi_lokanna,0,0,,0.0,Neutral,2
169,"Shri @DrRPNishank at National Institute of Technology Karnataka

With a electrifying speech, he stole the show pic.twitter.com/60nFoGfoH7",Jayashish Pandey,1232243627633438720,2020-02-25 09:59:09,[],jayashishpandey,0,0,,0.0,Neutral,2
170,"National institute of technology Karnataka- SURATHKAL 
Clicked by me https://twitter.com/AndColorPockeT/status/1233753934772260864¬†‚Ä¶pic.twitter.com/QQOMqxO4r8",Sachin ‡•ê,1233757861731348480,2020-02-29 14:16:11,[],Sachi_lokanna,0,0,,0.0,Neutral,2
171,"Shri @DrRPNishank at National Institute of Technology Karnataka

With a electrifying speech, he stole the show pic.twitter.com/60nFoGfoH7",Jayashish Pandey,1232243627633438720,2020-02-25 09:59:09,[],jayashishpandey,0,0,,0.0,Neutral,2
172,"(Sleepy)^‚àû yet a memorable trip

#hackathon #hackverse #hackathons #nitk @ National Institute of Technology, Karnataka https://www.instagram.com/p/B76pRo2gvtA/?igshid=r237l0iqtak8¬†‚Ä¶",Rickdiculous,1222611667307114496,2020-01-29 20:05:11,"['hackathon', 'hackverse', 'hackathons', 'nitk']",SirfRicksLena,0,0,,0.0,Neutral,2
173,"The SMILE club, a student club of National Institute of Technology Karnataka, conducted ""Astitva 2020"", an one day event for school children of class 1 to 10 on 25th January 2020 on campus. 
@HRDMinistry @PIBHRD @EBSB_MHRD @DrRPNishank @SwachhBharatHRD @nitk_scpic.twitter.com/X9O18iIhq0",NITK Surathkal_Official,1222401720895934464,2020-01-29 06:10:56,[],surathkal_nitk,4,8,1.0,0.4995,Positive,4
174,"(Sleepy)^‚àû yet a memorable trip

#hackathon #hackverse #hackathons #nitk @ National Institute of Technology, Karnataka https://www.instagram.com/p/B76pRo2gvtA/?igshid=r237l0iqtak8¬†‚Ä¶",Rickdiculous,1222611667307114496,2020-01-29 20:05:11,"['hackathon', 'hackverse', 'hackathons', 'nitk']",SirfRicksLena,0,0,,0.0,Neutral,2
175,"The SMILE club, a student club of National Institute of Technology Karnataka, conducted ""Astitva 2020"", an one day event for school children of class 1 to 10 on 25th January 2020 on campus. 
@HRDMinistry @PIBHRD @EBSB_MHRD @DrRPNishank @SwachhBharatHRD @nitk_scpic.twitter.com/X9O18iIhq0",NITK Surathkal_Official,1222401720895934464,2020-01-29 06:10:56,[],surathkal_nitk,4,8,1.0,0.4995,Positive,4
176,"The Indian Space Research Organisation (ISRO) set up a regional academic centre for space at the National Institute of Technology...

#Bengaluru #ISRO #National_Institute_of_Technology #Karnataka #Kannada #P_V_Venkitakrishnanhttps://ythisnews.com/isro-sets-up-academic-centre-for-space-in-karnataka/¬†‚Ä¶",Y This News,1213433499752878080,2020-01-04 12:14:25,"['Bengaluru', 'ISRO', 'National_Institute_of_Technology', 'Karnataka', 'Kannada', 'P_V_Venkitakrishnanhttps']",YTHISNEWS,0,0,,0.0,Neutral,2
177,"[White Paper] See how #MigrationWiz can make your next @Office365 and @MicrosoftTeams #TenantToTenant migration easy, fast, and secure.",BitTitan,1238176723339902976,2020-03-12 18:55:09,"['MigrationWiz', 'TenantToTenant']",BitTitan,677,6619,,0.6486,Positive,5
178,"ISRO sets up academic centre for space in Karnataka

The state-run ISRO will provide Rs 2 crore grant annually to NIT for the R&D projects and promotional activities through the year.
ISRO) set up a regional academic centre for space at the National Institute of Technology (NITK)",Manish Bhatt,1213418145832026112,2020-01-04 11:13:24,[],BhattTweet,0,0,,0.3612,Positive,4
179,"BENGALURU: The @isro set up a regional academic centre for space at the National Institute of Technology (NITK) at Surathkal in Karnataka‚Äôs southwest Dakshina Kannada district, an official said on Saturday.
Read more at: http://www.jammulinksnews.com/newsdetail/212651/Jammu-Links-News-ISRO_sets_up_academic_centre_for_space_in_Karnataka¬†‚Ä¶pic.twitter.com/z4ELo72gsN",JAMMU LINKS NEWS,1213398045334757376,2020-01-04 09:53:32,[],JAMMULINKS,0,0,,0.0,Neutral,2
180,"The Indian Space Research Organisation (#ISRO) set up a regional academic centre for space at the National Institute of Technology (#NITK) at #Surathkal in #Karnataka's southwest #Dakshina Kannada district, an official said on Saturday.

Photo: IANSpic.twitter.com/MsGtt4ZWW2",We For News,1213393717735747584,2020-01-04 09:36:20,"['ISRO', 'NITK', 'Surathkal', 'Karnataka', 'Dakshina']",WeForNews,0,0,,0.0,Neutral,2
181,"Indian Space Research Organisation (#ISRO) set up a regional academic centre for space at the National Institute of Technology (@Surathkal_NITK) at #Surathkal in #Karnataka's southwest Dakshina Kannada district, an @ISRO official said IN #Bengaluru on Saturday. | @BengalNewz",Bengal Newz (India) üáÆüá≥,1213384654973063168,2020-01-04 09:00:19,"['ISRO', 'Surathkal', 'Karnataka', 'Bengaluru']",BengalNewzIndia,4,17,,0.0,Neutral,2
182,"The Indian Space Research Organisation (#ISRO) set up a regional academic centre for space at the National Institute of Technology (#NITK) at #Surathkal in #Karnataka's southwest #Dakshina Kannada district, an official said on Saturday.

Photo: IANSpic.twitter.com/pI5VeZeZQZ",IANS Tweets,1213381780314578944,2020-01-04 08:48:54,"['ISRO', 'NITK', 'Surathkal', 'Karnataka', 'Dakshina']",ians_india,0,2,,0.0,Neutral,2
183,"#Karnataka
National Institute of Technology Karnataka Surathkal (NITK) & Indian Space Research Organization (ISRO) partners to carry out advanced research activities in the area of Space Technology Applications. @cutinha_divya
@santwana99 @NewIndianXpresshttps://www.newindianexpress.com/states/karnataka/2020/jan/04/nitk-surathkal-inks-mou-with-isro-to-study-space-2084822.html¬†‚Ä¶",TNIE Karnataka,1213288359348461568,2020-01-04 02:37:41,['Karnataka'],XpressBengaluru,3,4,,0.25,Positive,3
184,"The Indian Space Research Organisation (ISRO) set up a regional academic centre for space at the National Institute of Technology...

#Bengaluru #ISRO #National_Institute_of_Technology #Karnataka #Kannada #P_V_Venkitakrishnanhttps://ythisnews.com/isro-sets-up-academic-centre-for-space-in-karnataka/¬†‚Ä¶",Y This News,1213433499752878080,2020-01-04 12:14:25,"['Bengaluru', 'ISRO', 'National_Institute_of_Technology', 'Karnataka', 'Kannada', 'P_V_Venkitakrishnanhttps']",YTHISNEWS,0,0,,0.0,Neutral,2
185,"WATCH   - #CambrianSV, Lisbon - CoinGeek Originals 

Filmmaker @chblm documented the #Bitcoin #Bootcamp which was attended by 30 #developers and #entrepreneurs. Filmed in early February 2020.http://orlo.uk/yr913¬†",CoinGeek,1254710646098341888,2020-04-27 09:55:04,"['CambrianSV', 'Bitcoin', 'Bootcamp', 'developers', 'entrepreneurs']",RealCoinGeek,247,2571,,0.0,Neutral,2
186,"ISRO sets up academic centre for space in Karnataka

The state-run ISRO will provide Rs 2 crore grant annually to NIT for the R&D projects and promotional activities through the year.
ISRO) set up a regional academic centre for space at the National Institute of Technology (NITK)",Manish Bhatt,1213418145832026112,2020-01-04 11:13:24,[],BhattTweet,0,0,,0.3612,Positive,4
187,"BENGALURU: The @isro set up a regional academic centre for space at the National Institute of Technology (NITK) at Surathkal in Karnataka‚Äôs southwest Dakshina Kannada district, an official said on Saturday.
Read more at: http://www.jammulinksnews.com/newsdetail/212651/Jammu-Links-News-ISRO_sets_up_academic_centre_for_space_in_Karnataka¬†‚Ä¶pic.twitter.com/z4ELo72gsN",JAMMU LINKS NEWS,1213398045334757376,2020-01-04 09:53:32,[],JAMMULINKS,0,0,,0.0,Neutral,2
188,"The Indian Space Research Organisation (#ISRO) set up a regional academic centre for space at the National Institute of Technology (#NITK) at #Surathkal in #Karnataka's southwest #Dakshina Kannada district, an official said on Saturday.

Photo: IANSpic.twitter.com/MsGtt4ZWW2",We For News,1213393717735747584,2020-01-04 09:36:20,"['ISRO', 'NITK', 'Surathkal', 'Karnataka', 'Dakshina']",WeForNews,0,0,,0.0,Neutral,2
189,"Indian Space Research Organisation (#ISRO) set up a regional academic centre for space at the National Institute of Technology (@Surathkal_NITK) at #Surathkal in #Karnataka's southwest Dakshina Kannada district, an @ISRO official said IN #Bengaluru on Saturday. | @BengalNewz",Bengal Newz (India) üáÆüá≥,1213384654973063168,2020-01-04 09:00:19,"['ISRO', 'Surathkal', 'Karnataka', 'Bengaluru']",BengalNewzIndia,4,17,,0.0,Neutral,2
190,"The Indian Space Research Organisation (#ISRO) set up a regional academic centre for space at the National Institute of Technology (#NITK) at #Surathkal in #Karnataka's southwest #Dakshina Kannada district, an official said on Saturday.

Photo: IANSpic.twitter.com/pI5VeZeZQZ",IANS Tweets,1213381780314578944,2020-01-04 08:48:54,"['ISRO', 'NITK', 'Surathkal', 'Karnataka', 'Dakshina']",ians_india,0,2,,0.0,Neutral,2
191,"#Karnataka
National Institute of Technology Karnataka Surathkal (NITK) & Indian Space Research Organization (ISRO) partners to carry out advanced research activities in the area of Space Technology Applications. @cutinha_divya
@santwana99 @NewIndianXpresshttps://www.newindianexpress.com/states/karnataka/2020/jan/04/nitk-surathkal-inks-mou-with-isro-to-study-space-2084822.html¬†‚Ä¶",TNIE Karnataka,1213288359348461568,2020-01-04 02:37:41,['Karnataka'],XpressBengaluru,3,4,,0.25,Positive,3
192,"Our own Mangaluru Minor has turned 5 .. @ National Institute of Technology, Karnataka https://www.instagram.com/p/B7h2vQpAHwz/?igshid=1nlvnenljc1ul¬†‚Ä¶",Vinoth Srinivasan,1219122831402897408,2020-01-20 05:01:47,[],withluv_vino,0,0,,0.0,Neutral,2
193,"WATCH   - #CambrianSV, Lisbon - CoinGeek Originals 

Filmmaker @chblm documented the #Bitcoin #Bootcamp which was attended by 30 #developers and #entrepreneurs. Filmed in early February 2020.http://orlo.uk/yr913¬†",CoinGeek,1254710646098341888,2020-04-27 09:55:04,"['CambrianSV', 'Bitcoin', 'Bootcamp', 'developers', 'entrepreneurs']",RealCoinGeek,247,2571,,0.0,Neutral,2
194,"Yeah ""National Institute of Technology of Karnataka"" located in Surathkal, btw it's very near to me!! That's where KL Rahul studied. :)

#KLRahul #INDvAUS #Mangalore #surathkalhttps://twitter.com/Reetikkkaaa/status/1218180375949664256¬†‚Ä¶",Rahulkm,1218192358384103424,2020-01-17 15:24:25,"['KLRahul', 'INDvAUS', 'Mangalore', 'surathkalhttps']",Rahulkm66,0,1,,0.6988,Positive,5
195,"As the Inter-NIT sports are underway, Phoenix Committee wishes NITK Kabaddi team All The Very Best.
#Inter_NIT_sports
#NitkSurathkal
#kabaddi @ National Institute of Technology, Karnataka https://www.instagram.com/p/B7aDv8SALvg/?igshid=1umrc48lonv7g¬†‚Ä¶",NITK Phoenix Offical,1218025549148434432,2020-01-17 04:21:35,"['Inter_NIT_sports', 'NitkSurathkal', 'kabaddi']",NitkPhoenix,0,1,,0.7264,Positive,5
196,"As the Inter-NIT sports are underway, Phoenix Committee wishes NITK Kabaddi team All The Very Best. 
#Inter_NIT_sports
#NitkSurathkal
#kabaddi 
(1/3) @ National Institute of Technology, Karnataka https://www.instagram.com/p/B7Z-VaCgObS/?igshid=mikwg6itdmdy¬†‚Ä¶",NITK Phoenix Offical,1218013643989815296,2020-01-17 03:34:16,"['Inter_NIT_sports', 'NitkSurathkal', 'kabaddi']",NitkPhoenix,0,1,,0.7264,Positive,5
197,"As the Inter-NIT sports are underway, Phoenix Committee wishes NITK Swimming team All The Very Best.
#Inter_NIT_sports
#NitkSurathkal
#swimming @ National Institute of Technology, Karnataka https://www.instagram.com/p/B7ZJf7wpzol/?igshid=u8c2s1ofipmr¬†‚Ä¶",NITK Phoenix Offical,1217897456219971584,2020-01-16 19:52:35,"['Inter_NIT_sports', 'NitkSurathkal', 'swimming']",NitkPhoenix,0,2,,0.7264,Positive,5
198,"As the Inter-NIT sports are underway, Phoenix Committee wishes NITK Swimming team All The Very Best. 
#Inter_NIT_sports
#NitkSurathkal
#swimming @ National Institute of Technology, Karnataka https://www.instagram.com/p/B7ZIamgJQhz/?igshid=xza5e891v9c8¬†‚Ä¶",NITK Phoenix Offical,1217895074652151808,2020-01-16 19:43:07,"['Inter_NIT_sports', 'NitkSurathkal', 'swimming']",NitkPhoenix,0,1,,0.7264,Positive,5
199,"As the Inter-NIT sports are underway, Phoenix Committee wishes NITK Basketball team All The Very Best.

#Inter_NIT_sports
#NitkSurathkal
#basketball 
(1/3) @ National Institute of Technology, Karnataka https://www.instagram.com/p/B7ZGymfpZwu/?igshid=4cwvbupu9muu¬†‚Ä¶",NITK Phoenix Offical,1217891500719210496,2020-01-16 19:28:55,"['Inter_NIT_sports', 'NitkSurathkal', 'basketball']",NitkPhoenix,0,1,,0.7264,Positive,5
200,"As the Inter-NIT sports are underway, Phoenix Committee wishes NITK Basketball team All The Very Best.

#Inter_NIT_sports
#basketball
#NitkSurathkal @ National Institute of Technology, Karnataka https://www.instagram.com/p/B7ZEPUkpHRu/?igshid=an4fv9ggjv2d¬†‚Ä¶",NITK Phoenix Offical,1217885890019594240,2020-01-16 19:06:38,"['Inter_NIT_sports', 'basketball', 'NitkSurathkal']",NitkPhoenix,0,1,,0.7264,Positive,5
201,"As the Inter-NIT sports are underway, Phoenix Committee wishes NITK Swimming team All The Very Best. @ National Institute of Technology, Karnataka https://www.instagram.com/p/B7Y__7aA2Mc/?igshid=cfs48zyt2br¬†‚Ä¶",NITK Phoenix Offical,1217876567914942464,2020-01-16 18:29:35,[],NitkPhoenix,0,2,,0.7264,Positive,5
202,National Institute of Technology Karnataka Wanted Research Assistant https://goo.gl/fb/UQuJQk¬†,Facultyplus,1217688183992922112,2020-01-16 06:01:01,[],Facultyplus,0,0,,0.0,Neutral,2
203,"Our own Mangaluru Minor has turned 5 .. @ National Institute of Technology, Karnataka https://www.instagram.com/p/B7h2vQpAHwz/?igshid=1nlvnenljc1ul¬†‚Ä¶",Vinoth Srinivasan,1219122831402897408,2020-01-20 05:01:47,[],withluv_vino,0,0,,0.0,Neutral,2
204,"WATCH   - #CambrianSV, Lisbon - CoinGeek Originals 

Filmmaker @chblm documented the #Bitcoin #Bootcamp which was attended by 30 #developers and #entrepreneurs. Filmed in early February 2020.http://orlo.uk/yr913¬†",CoinGeek,1254710646098341888,2020-04-27 09:55:04,"['CambrianSV', 'Bitcoin', 'Bootcamp', 'developers', 'entrepreneurs']",RealCoinGeek,247,2571,,0.0,Neutral,2
205,"Yeah ""National Institute of Technology of Karnataka"" located in Surathkal, btw it's very near to me!! That's where KL Rahul studied. :)

#KLRahul #INDvAUS #Mangalore #surathkalhttps://twitter.com/Reetikkkaaa/status/1218180375949664256¬†‚Ä¶",Rahulkm,1218192358384103424,2020-01-17 15:24:25,"['KLRahul', 'INDvAUS', 'Mangalore', 'surathkalhttps']",Rahulkm66,0,1,,0.6988,Positive,5
206,"As the Inter-NIT sports are underway, Phoenix Committee wishes NITK Kabaddi team All The Very Best.
#Inter_NIT_sports
#NitkSurathkal
#kabaddi @ National Institute of Technology, Karnataka https://www.instagram.com/p/B7aDv8SALvg/?igshid=1umrc48lonv7g¬†‚Ä¶",NITK Phoenix Offical,1218025549148434432,2020-01-17 04:21:35,"['Inter_NIT_sports', 'NitkSurathkal', 'kabaddi']",NitkPhoenix,0,1,,0.7264,Positive,5
207,"As the Inter-NIT sports are underway, Phoenix Committee wishes NITK Kabaddi team All The Very Best. 
#Inter_NIT_sports
#NitkSurathkal
#kabaddi 
(1/3) @ National Institute of Technology, Karnataka https://www.instagram.com/p/B7Z-VaCgObS/?igshid=mikwg6itdmdy¬†‚Ä¶",NITK Phoenix Offical,1218013643989815296,2020-01-17 03:34:16,"['Inter_NIT_sports', 'NitkSurathkal', 'kabaddi']",NitkPhoenix,0,1,,0.7264,Positive,5
208,"As the Inter-NIT sports are underway, Phoenix Committee wishes NITK Swimming team All The Very Best.
#Inter_NIT_sports
#NitkSurathkal
#swimming @ National Institute of Technology, Karnataka https://www.instagram.com/p/B7ZJf7wpzol/?igshid=u8c2s1ofipmr¬†‚Ä¶",NITK Phoenix Offical,1217897456219971584,2020-01-16 19:52:35,"['Inter_NIT_sports', 'NitkSurathkal', 'swimming']",NitkPhoenix,0,2,,0.7264,Positive,5
209,"As the Inter-NIT sports are underway, Phoenix Committee wishes NITK Swimming team All The Very Best. 
#Inter_NIT_sports
#NitkSurathkal
#swimming @ National Institute of Technology, Karnataka https://www.instagram.com/p/B7ZIamgJQhz/?igshid=xza5e891v9c8¬†‚Ä¶",NITK Phoenix Offical,1217895074652151808,2020-01-16 19:43:07,"['Inter_NIT_sports', 'NitkSurathkal', 'swimming']",NitkPhoenix,0,1,,0.7264,Positive,5
210,"As the Inter-NIT sports are underway, Phoenix Committee wishes NITK Basketball team All The Very Best.

#Inter_NIT_sports
#NitkSurathkal
#basketball 
(1/3) @ National Institute of Technology, Karnataka https://www.instagram.com/p/B7ZGymfpZwu/?igshid=4cwvbupu9muu¬†‚Ä¶",NITK Phoenix Offical,1217891500719210496,2020-01-16 19:28:55,"['Inter_NIT_sports', 'NitkSurathkal', 'basketball']",NitkPhoenix,0,1,,0.7264,Positive,5
211,"As the Inter-NIT sports are underway, Phoenix Committee wishes NITK Basketball team All The Very Best.

#Inter_NIT_sports
#basketball
#NitkSurathkal @ National Institute of Technology, Karnataka https://www.instagram.com/p/B7ZEPUkpHRu/?igshid=an4fv9ggjv2d¬†‚Ä¶",NITK Phoenix Offical,1217885890019594240,2020-01-16 19:06:38,"['Inter_NIT_sports', 'basketball', 'NitkSurathkal']",NitkPhoenix,0,1,,0.7264,Positive,5
212,"As the Inter-NIT sports are underway, Phoenix Committee wishes NITK Swimming team All The Very Best. @ National Institute of Technology, Karnataka https://www.instagram.com/p/B7Y__7aA2Mc/?igshid=cfs48zyt2br¬†‚Ä¶",NITK Phoenix Offical,1217876567914942464,2020-01-16 18:29:35,[],NitkPhoenix,0,2,,0.7264,Positive,5
213,National Institute of Technology Karnataka Wanted Research Assistant https://goo.gl/fb/UQuJQk¬†,Facultyplus,1217688183992922112,2020-01-16 06:01:01,[],Facultyplus,0,0,,0.0,Neutral,2
214,"National Institute of Technology, Karnataka is probably the only college to have its own beach including a lighthouse. NIT Karnataka is a public engineering university founded in 1960 as the Karnataka Regional Engineering College (KREC) in Surathkal, Mangalore.
#education¬†#schoolpic.twitter.com/p9tBAq3GCJ",Senses Electronics,1252786765464829952,2020-04-22 02:30:15,"['education', 'schoolpic']",SensesIIP,3,20,,0.0,Neutral,2
215,"WATCH   - #CambrianSV, Lisbon - CoinGeek Originals 

Filmmaker @chblm documented the #Bitcoin #Bootcamp which was attended by 30 #developers and #entrepreneurs. Filmed in early February 2020.http://orlo.uk/yr913¬†",CoinGeek,1254710646098341888,2020-04-27 09:55:04,"['CambrianSV', 'Bitcoin', 'Bootcamp', 'developers', 'entrepreneurs']",RealCoinGeek,247,2571,,0.0,Neutral,2
216,"National Institute of Technology, Karnataka, Wanted JRF https://goo.gl/fb/KWFpgm¬†",Jebaprincy,1251554159876341760,2020-04-18 16:52:19,[],princdurai,0,0,,0.0,Neutral,2
217,"We thank Prof. K. V. Gangadharan and Dr. Pruthviraj U, Centre for System Design (CSD) at National Institute of Technology Karnataka (NITK), Surathkal for working closely with the State and National team to double the capacity of Ventilator availability... https://dy.si/BzYU2n¬†",Don Porter,1251205796072812544,2020-04-17 17:48:02,[],DPorter_SDM,0,0,,0.3612,Positive,4
218,"We thank Prof. K. V. Gangadharan and Dr. Pruthviraj U, Centre for System Design (CSD) at National Institute of Technology Karnataka (NITK), Surathkal for working closely with the State and National team to double the capacity of Ventilator availability... https://dy.si/3JSDF3¬†",Carlos Ramirez,1251148213450444800,2020-04-17 13:59:13,[],via_cali,0,0,,0.3612,Positive,4
219,"Dr Arun M Isloor, Head of Chemistry Dept, National Institute of Technology Karnataka, Surathkal, along with research scholar Syed Ibrahim has built a disinfection chamber, 'ZERO-COV', out of an old fridge (ANI) 

#CoronavirusPandemic #IndiaFightsCoronaviruspic.twitter.com/vUBEpZBTKE",CNBC-TV18,1250645475167858688,2020-04-16 04:41:31,"['CoronavirusPandemic', 'IndiaFightsCoronaviruspic']",CNBCTV18News,12,45,,0.0,Neutral,2
220,"#Karnataka: Dr. Arun M Isloor,head of Chemistry Department, National Institute of Technology Karnataka (NITK), Surathkal, along with research scholar Syed Ibrahim developed a disinfection chamber out of an old fridge.
#NITK @surathkal_nitk pic.twitter.com/seqcx1p8i8",Axomiya Nabaprajanma,1250634683689230336,2020-04-16 03:58:38,"['Karnataka', 'NITK']",Nabaprajanma,2,6,,0.0,Neutral,2
221,"Karnataka: Dr. Arun M Isloor,head of Chemistry Department, National Institute of Technology Karnataka (NITK), Surathkal, along with research scholar Syed Ibrahim developed a disinfection chamber out of an old fridge.Dr.Arun M Isloor says,""we have named this as ZERO-COV."" #COVID19pic.twitter.com/mLgLOv38Uz",ANI,1250598755893567488,2020-04-16 01:35:53,['COVID19pic'],ANI,100,528,,0.0,Neutral,2
222,"National Institute of Technology, Karnataka is probably the only college to have its own beach including a lighthouse. NIT Karnataka is a public engineering university founded in 1960 as the Karnataka Regional Engineering College (KREC) in Surathkal, Mangalore.
#education¬†#schoolpic.twitter.com/p9tBAq3GCJ",Senses Electronics,1252786765464829952,2020-04-22 02:30:15,"['education', 'schoolpic']",SensesIIP,3,20,,0.0,Neutral,2
223,"WATCH   - #CambrianSV, Lisbon - CoinGeek Originals 

Filmmaker @chblm documented the #Bitcoin #Bootcamp which was attended by 30 #developers and #entrepreneurs. Filmed in early February 2020.http://orlo.uk/yr913¬†",CoinGeek,1254710646098341888,2020-04-27 09:55:04,"['CambrianSV', 'Bitcoin', 'Bootcamp', 'developers', 'entrepreneurs']",RealCoinGeek,247,2571,,0.0,Neutral,2
224,"National Institute of Technology, Karnataka, Wanted JRF https://goo.gl/fb/KWFpgm¬†",Jebaprincy,1251554159876341760,2020-04-18 16:52:19,[],princdurai,0,0,,0.0,Neutral,2
225,"We thank Prof. K. V. Gangadharan and Dr. Pruthviraj U, Centre for System Design (CSD) at National Institute of Technology Karnataka (NITK), Surathkal for working closely with the State and National team to double the capacity of Ventilator availability... https://dy.si/BzYU2n¬†",Don Porter,1251205796072812544,2020-04-17 17:48:02,[],DPorter_SDM,0,0,,0.3612,Positive,4
226,"We thank Prof. K. V. Gangadharan and Dr. Pruthviraj U, Centre for System Design (CSD) at National Institute of Technology Karnataka (NITK), Surathkal for working closely with the State and National team to double the capacity of Ventilator availability... https://dy.si/3JSDF3¬†",Carlos Ramirez,1251148213450444800,2020-04-17 13:59:13,[],via_cali,0,0,,0.3612,Positive,4
227,"Dr Arun M Isloor, Head of Chemistry Dept, National Institute of Technology Karnataka, Surathkal, along with research scholar Syed Ibrahim has built a disinfection chamber, 'ZERO-COV', out of an old fridge (ANI) 

#CoronavirusPandemic #IndiaFightsCoronaviruspic.twitter.com/vUBEpZBTKE",CNBC-TV18,1250645475167858688,2020-04-16 04:41:31,"['CoronavirusPandemic', 'IndiaFightsCoronaviruspic']",CNBCTV18News,12,45,,0.0,Neutral,2
228,"#Karnataka: Dr. Arun M Isloor,head of Chemistry Department, National Institute of Technology Karnataka (NITK), Surathkal, along with research scholar Syed Ibrahim developed a disinfection chamber out of an old fridge.
#NITK @surathkal_nitk pic.twitter.com/seqcx1p8i8",Axomiya Nabaprajanma,1250634683689230336,2020-04-16 03:58:38,"['Karnataka', 'NITK']",Nabaprajanma,2,6,,0.0,Neutral,2
229,"Karnataka: Dr. Arun M Isloor,head of Chemistry Department, National Institute of Technology Karnataka (NITK), Surathkal, along with research scholar Syed Ibrahim developed a disinfection chamber out of an old fridge.Dr.Arun M Isloor says,""we have named this as ZERO-COV."" #COVID19pic.twitter.com/mLgLOv38Uz",ANI,1250598755893567488,2020-04-16 01:35:53,['COVID19pic'],ANI,100,529,,0.0,Neutral,2
230,"The global slowdown due to #COVID„Éº19  could not prove to be a dampener at the recently-concluded placement drive at National Institute of Technology-Karnataka. @timesofindia
#SpecialistStaffing #Jobs #Hiring #Recruitmenthttps://timesofindia.indiatimes.com/city/mangaluru/89-placement-at-nit-k-despite-covid-19-outbreak/articleshow/75704077.cms¬†‚Ä¶",Xpheno,1260542402751676416,2020-05-13 12:08:23,"['COVID„Éº19', 'SpecialistStaffing', 'Jobs', 'Hiring', 'Recruitmenthttps']",Xpheno_,3,2,,0.0,Neutral,2
231,"The National Institute of Technology-Karnataka (NIT-K), Surathkal, has developed an economical, reusable and transparent face shield using locally available low- cost material to fight against COVID-19
https://www.thehindu.com/news/national/karnataka/nit-k-develops-low-cost-reusable-face-shield/article31569349.ece¬†‚Ä¶",The Hindu-Bengaluru,1260509339032285184,2020-05-13 09:57:00,[],THBengaluru,0,4,,-0.5719,Negative,1
232,"Happy Birthday Rockstar @Benny_Dayal  @ National Institute of Technology, Karnataka https://www.instagram.com/p/CAH1mVkDxI4/?igshid=c69w0ian7mzx¬†‚Ä¶",ashok bhagat,1260497146807279616,2020-05-13 09:08:33,[],arunachal12,0,0,,0.5719,Positive,4
233,"The global slowdown due to #COVID„Éº19  could not prove to be a dampener at the recently-concluded placement drive at National Institute of Technology-Karnataka. @timesofindia
#SpecialistStaffing #Jobs #Hiring #Recruitmenthttps://timesofindia.indiatimes.com/city/mangaluru/89-placement-at-nit-k-despite-covid-19-outbreak/articleshow/75704077.cms¬†‚Ä¶",Xpheno,1260542402751676416,2020-05-13 12:08:23,"['COVID„Éº19', 'SpecialistStaffing', 'Jobs', 'Hiring', 'Recruitmenthttps']",Xpheno_,3,2,,0.0,Neutral,2
234,"The National Institute of Technology-Karnataka (NIT-K), Surathkal, has developed an economical, reusable and transparent face shield using locally available low- cost material to fight against COVID-19
https://www.thehindu.com/news/national/karnataka/nit-k-develops-low-cost-reusable-face-shield/article31569349.ece¬†‚Ä¶",The Hindu-Bengaluru,1260509339032285184,2020-05-13 09:57:00,[],THBengaluru,0,4,,-0.5719,Negative,1
235,"Happy Birthday Rockstar @Benny_Dayal  @ National Institute of Technology, Karnataka https://www.instagram.com/p/CAH1mVkDxI4/?igshid=c69w0ian7mzx¬†‚Ä¶",ashok bhagat,1260497146807279616,2020-05-13 09:08:33,[],arunachal12,0,0,,0.5719,Positive,4
236,"DASA Scheme 2020-21 : For NRI/ PIO/ OCI/ Foreign National Students

#DASA 2020-21 scheme will be coordinated by National Institute of Technology Karnataka, Surathkal. 

All the details about Dasa Scheme : https://buff.ly/2ugzvPX¬†pic.twitter.com/wgXoxDRq5P",Mystudycart,1224309208704831488,2020-02-03 12:30:36,['DASA'],mystudycart,0,1,,0.0,Neutral,2
237,"DASA Scheme 2020-21 : For NRI/ PIO/ OCI/ Foreign National Students

#DASA 2020-21 scheme will be coordinated by National Institute of Technology Karnataka, Surathkal. 

All the details about Dasa Scheme : https://buff.ly/2ugzvPX¬†pic.twitter.com/wgXoxDRq5P",Mystudycart,1224309208704831488,2020-02-03 12:30:36,['DASA'],mystudycart,0,1,,0.0,Neutral,2
